<?xml version="1.0" encoding="UTF-8" ?>
<x:xmpmeta xmlns:x="adobe:ns:meta/">
    <rdf:RDF xmlns:rdf="http://www.w3.org/1999/02/22-rdf-syntax-ns#">
        <rdf:Description rdf:about="" xmlns="http://namespace.corel.com/Cdr/metadata">
            <ObjectNames>
                <rdf:Bag />
            </ObjectNames>
            <LayerNames>
                <rdf:Bag>
                    <rdf:li>Camada 1</rdf:li>
                </rdf:Bag>
            </LayerNames>
            <PageNames>
                <rdf:Bag />
            </PageNames>
            <TextData>
                <TextStream>
                    <TextRun lang="1046" break="para">OBRA POR</TextRun>
                    <TextRun lang="1046" break="line">ADMINISTRAÇÃO</TextRun>
                </TextStream>
                <TextStream>
                    <TextRun lang="1046" break="para">Rua Edmundo de Carvalho n° 989 - Centro 3622-5000</TextRun>
                </TextStream>
                <TextStream>
                    <TextRun lang="1046" break="para">55 cm</TextRun>
                </TextStream>
                <TextStream>
                    <TextRun lang="1046" break="para">80 cm</TextRun>
                </TextStream>
            </TextData>
        </rdf:Description>
    </rdf:RDF>
</x:xmpmeta>
